lamda;cuentas
196.98;696.75
197.11;696.75
197.25;711.90
197.39;727.30
197.52;741.10
197.66;754.60
197.80;771.85
197.94;771.70
198.07;771.75
198.21;772.25
198.35;775.85
198.48;773.05
198.62;771.40
198.76;768.70
198.89;767.95
199.03;768.35
199.17;767.60
199.31;769.45
199.44;772.55
199.58;771.75
199.72;770.30
199.85;777.15
199.99;776.65
200.13;774.40
200.26;780.20
200.40;777.45
200.54;772.55
200.68;772.85
200.81;777.80
200.95;778.30
201.09;783.00
201.22;784.00
201.36;783.90
201.50;778.70
201.63;776.70
201.77;770.20
201.91;767.90
202.04;765.55
202.18;765.70
202.32;761.90
202.46;767.60
202.59;771.75
202.73;775.95
202.87;779.25
203.00;780.40
203.14;777.00
203.28;773.80
203.41;768.40
203.55;762.60
203.69;761.05
203.82;762.20
203.96;767.20
204.10;769.35
204.23;772.95
204.37;778.40
204.51;780.90
204.64;776.70
204.78;773.30
204.92;771.55
205.06;765.70
205.19;762.15
205.33;763.70
205.47;765.95
205.60;772.90
205.74;777.25
205.88;775.40
206.01;768.95
206.15;769.05
206.29;762.90
206.42;763.25
206.56;764.60
206.70;769.15
206.83;771.05
206.97;773.90
207.11;770.70
207.24;771.15
207.38;769.75
207.52;766.05
207.65;765.55
207.79;764.30
207.93;766.85
208.06;767.10
208.20;769.15
208.34;767.95
208.47;768.85
208.61;766.25
208.75;768.05
208.88;772.90
209.02;771.20
209.16;778.80
209.29;784.60
209.43;781.95
209.57;777.85
209.70;781.30
209.84;777.00
209.98;772.00
210.11;773.90
210.25;773.50
210.39;771.80
210.52;769.50
210.66;768.00
210.80;769.20
210.93;771.05
211.07;770.30
211.21;771.50
211.34;772.00
211.48;770.80
211.62;767.50
211.75;764.90
211.89;768.45
212.03;769.45
212.16;770.95
212.30;769.80
212.44;772.85
212.57;764.85
212.71;764.45
212.85;760.10
212.98;762.85
213.12;763.95
213.25;766.55
213.39;769.95
213.53;773.60
213.66;773.35
213.80;772.60
213.94;770.90
214.07;767.30
214.21;769.30
214.35;770.65
214.48;769.85
214.62;775.15
214.76;785.35
214.89;786.50
215.03;784.60
215.17;782.50
215.30;782.40
215.44;771.70
215.57;769.05
215.71;772.75
215.85;775.10
215.98;775.20
216.12;776.55
216.26;778.15
216.39;776.50
216.53;780.30
216.67;778.05
216.80;775.60
216.94;776.75
217.08;776.05
217.21;771.05
217.35;769.95
217.48;773.00
217.62;766.85
217.76;765.05
217.89;765.65
218.03;765.10
218.17;760.15
218.30;766.65
218.44;772.00
218.58;776.80
218.71;774.05
218.85;783.25
218.98;779.25
219.12;771.70
219.26;769.95
219.39;774.60
219.53;771.85
219.67;770.85
219.80;775.00
219.94;773.70
220.07;772.60
220.21;768.75
220.35;768.80
220.48;766.55
220.62;763.90
220.76;761.75
220.89;761.95
221.03;759.35
221.16;763.25
221.30;764.35
221.44;764.30
221.57;766.55
221.71;765.80
221.85;765.70
221.98;765.85
222.12;769.15
222.25;767.40
222.39;771.05
222.53;761.95
222.66;763.65
222.80;764.05
222.94;773.60
223.07;779.70
223.21;786.90
223.34;788.95
223.48;785.70
223.62;778.25
223.75;771.30
223.89;767.90
224.02;760.85
224.16;761.35
224.30;756.20
224.43;756.60
224.57;762.45
224.71;766.75
224.84;764.25
224.98;766.85
225.11;765.35
225.25;763.65
225.39;760.95
225.52;761.60
225.66;759.40
225.79;761.95
225.93;764.50
226.07;767.75
226.20;770.10
226.34;778.05
226.47;777.35
226.61;774.40
226.75;769.00
226.88;767.50
227.02;761.20
227.15;761.60
227.29;758.05
227.43;763.40
227.56;763.75
227.70;761.95
227.83;758.00
227.97;764.10
228.11;764.30
228.24;768.05
228.38;770.55
228.51;772.60
228.65;766.55
228.79;767.95
228.92;764.80
229.06;760.55
229.19;763.20
229.33;767.35
229.47;763.95
229.60;762.00
229.74;767.05
229.87;770.15
230.01;766.85
230.15;768.25
230.28;774.00
230.42;777.35
230.55;771.00
230.69;772.05
230.83;771.45
230.96;766.30
231.10;762.60
231.23;766.95
231.37;768.80
231.51;769.70
231.64;774.15
231.78;775.55
231.91;774.20
232.05;776.80
232.18;778.35
232.32;781.85
232.46;783.95
232.59;784.35
232.73;783.30
232.86;780.15
233.00;774.00
233.14;772.10
233.27;770.75
233.41;765.75
233.54;766.25
233.68;766.70
233.81;762.70
233.95;765.85
234.09;767.60
234.22;765.95
234.36;766.45
234.49;765.70
234.63;764.05
234.77;762.25
234.90;765.55
235.04;769.40
235.17;776.75
235.31;777.85
235.44;778.95
235.58;782.35
235.72;778.65
235.85;774.50
235.99;775.25
236.12;777.20
236.26;775.20
236.39;775.15
236.53;774.65
236.67;772.20
236.80;774.40
236.94;773.35
237.07;779.95
237.21;782.35
237.34;783.15
237.48;778.15
237.62;773.95
237.75;769.80
237.89;768.50
238.02;764.20
238.16;766.50
238.29;768.05
238.43;771.00
238.56;769.60
238.70;773.25
238.84;768.95
238.97;771.35
239.11;764.15
239.24;762.95
239.38;767.45
239.51;770.45
239.65;769.45
239.79;769.85
239.92;770.95
240.06;769.45
240.19;779.15
240.33;775.75
240.46;775.65
240.60;777.55
240.73;773.95
240.87;765.10
241.01;765.00
241.14;768.40
241.28;767.85
241.41;773.25
241.55;773.10
241.68;772.90
241.82;769.75
241.95;769.20
242.09;763.95
242.23;764.25
242.36;768.80
242.50;768.10
242.63;769.55
242.77;772.35
242.90;773.00
243.04;774.55
243.17;777.90
243.31;774.05
243.44;772.30
243.58;772.45
243.72;769.25
243.85;769.10
243.99;771.75
244.12;768.55
244.26;773.20
244.39;774.20
244.53;773.15
244.66;771.15
244.80;770.25
244.93;763.40
245.07;761.85
245.20;763.85
245.34;767.35
245.48;769.05
245.61;768.30
245.75;769.20
245.88;767.95
246.02;770.95
246.15;772.65
246.29;775.05
246.42;775.35
246.56;775.55
246.69;767.05
246.83;771.45
246.96;767.30
247.10;767.55
247.24;763.45
247.37;769.20
247.51;760.35
247.64;765.70
247.78;765.40
247.91;772.30
248.05;776.70
248.18;778.55
248.32;774.35
248.45;772.15
248.59;767.75
248.72;760.05
248.86;765.15
248.99;768.65
249.13;768.55
249.26;768.10
249.40;769.95
249.54;767.55
249.67;764.10
249.81;764.20
249.94;765.25
250.08;762.75
250.21;757.85
250.35;762.40
250.48;759.90
250.62;757.10
250.75;761.45
250.89;766.40
251.02;765.55
251.16;767.40
251.29;765.90
251.43;760.60
251.56;757.30
251.70;759.20
251.83;755.00
251.97;757.85
252.10;758.10
252.24;759.75
252.37;754.40
252.51;758.95
252.64;762.45
252.78;767.00
252.92;768.25
253.05;769.60
253.19;771.75
253.32;769.90
253.46;767.45
253.59;767.25
253.73;771.50
253.86;766.35
254.00;765.45
254.13;767.40
254.27;764.45
254.40;765.00
254.54;769.80
254.67;768.40
254.81;764.60
254.94;768.40
255.08;761.40
255.21;765.25
255.35;764.40
255.48;769.05
255.62;769.55
255.75;772.50
255.89;765.35
256.02;767.95
256.16;763.75
256.29;766.85
256.43;768.05
256.56;770.30
256.70;770.95
256.83;774.60
256.97;767.85
257.10;763.55
257.24;760.15
257.37;760.60
257.51;759.25
257.64;759.80
257.78;760.30
257.91;763.10
258.05;761.60
258.18;764.75
258.32;767.30
258.45;768.00
258.59;767.95
258.72;769.45
258.86;767.00
258.99;761.15
259.13;762.25
259.26;766.50
259.40;761.90
259.53;764.35
259.67;769.35
259.80;767.90
259.94;765.25
260.07;771.00
260.21;768.65
260.34;766.30
260.47;773.10
260.61;773.05
260.74;768.70
260.88;769.10
261.01;768.00
261.15;762.15
261.28;756.50
261.42;751.05
261.55;745.95
261.69;750.55
261.82;751.60
261.96;758.35
262.09;764.85
262.23;766.25
262.36;762.25
262.50;763.70
262.63;763.50
262.77;759.75
262.90;761.60
263.04;761.60
263.17;763.95
263.31;764.20
263.44;769.85
263.58;769.40
263.71;777.75
263.84;778.75
263.98;777.65
264.11;775.50
264.25;777.25
264.38;770.65
264.52;769.70
264.65;769.65
264.79;771.00
264.92;767.60
265.06;769.25
265.19;767.35
265.33;766.70
265.46;770.70
265.60;773.10
265.73;774.25
265.87;775.75
266.00;780.30
266.13;777.45
266.27;780.70
266.40;778.20
266.54;773.80
266.67;768.90
266.81;770.70
266.94;770.30
267.08;768.70
267.21;773.35
267.35;772.30
267.48;766.05
267.62;764.15
267.75;764.95
267.88;759.45
268.02;765.70
268.15;766.80
268.29;765.55
268.42;763.00
268.56;762.70
268.69;759.30
268.83;759.65
268.96;764.45
269.10;768.80
269.23;771.90
269.37;772.50
269.50;770.60
269.63;767.35
269.77;768.30
269.90;770.10
270.04;772.10
270.17;779.40
270.31;779.55
270.44;777.85
270.58;783.30
270.71;783.05
270.85;778.80
270.98;780.25
271.11;783.15
271.25;782.30
271.38;781.25
271.52;784.00
271.65;781.40
271.79;777.65
271.92;771.50
272.06;769.05
272.19;764.85
272.32;764.00
272.46;764.45
272.59;761.10
272.73;760.95
272.86;765.40
273.00;766.75
273.13;768.25
273.27;770.35
273.40;769.75
273.53;764.15
273.67;758.70
273.80;755.70
273.94;753.00
274.07;751.95
274.21;753.45
274.34;758.85
274.47;768.40
274.61;770.75
274.74;768.90
274.88;772.20
275.01;772.10
275.15;764.85
275.28;761.85
275.42;769.25
275.55;764.75
275.68;766.30
275.82;766.60
275.95;772.10
276.09;765.95
276.22;769.60
276.36;771.65
276.49;777.05
276.62;770.00
276.76;771.20
276.89;771.25
277.03;765.95
277.16;755.20
277.30;757.75
277.43;758.25
277.56;759.35
277.70;762.65
277.83;766.50
277.97;767.90
278.10;770.30
278.24;766.40
278.37;763.05
278.50;763.60
278.64;766.00
278.77;762.30
278.91;765.10
279.04;764.45
279.17;762.80
279.31;763.35
279.44;764.40
279.58;762.00
279.71;761.55
279.85;767.50
279.98;768.15
280.11;772.40
280.25;777.15
280.38;778.75
280.52;773.20
280.65;770.60
280.78;769.65
280.92;764.80
281.05;765.25
281.19;769.40
281.32;768.85
281.46;765.20
281.59;766.20
281.72;768.50
281.86;766.90
281.99;762.55
282.13;762.25
282.26;758.15
282.39;754.70
282.53;751.10
282.66;756.90
282.80;756.75
282.93;758.35
283.06;758.25
283.20;767.25
283.33;768.95
283.47;773.90
283.60;777.65
283.73;780.40
283.87;775.95
284.00;773.25
284.14;774.10
284.27;773.55
284.40;775.60
284.54;771.25
284.67;770.45
284.81;764.40
284.94;765.00
285.07;760.40
285.21;762.40
285.34;766.80
285.48;766.50
285.61;762.55
285.74;762.55
285.88;763.80
286.01;759.90
286.15;764.05
286.28;770.25
286.41;772.20
286.55;767.40
286.68;766.15
286.82;761.15
286.95;759.10
287.08;761.10
287.22;764.30
287.35;766.00
287.49;770.00
287.62;773.30
287.75;771.70
287.89;772.00
288.02;771.65
288.16;771.80
288.29;768.20
288.42;763.50
288.56;763.90
288.69;765.10
288.82;762.00
288.96;760.80
289.09;766.60
289.23;768.25
289.36;770.65
289.49;780.65
289.63;782.00
289.76;778.60
289.90;778.50
290.03;779.80
290.16;773.65
290.30;771.75
290.43;774.15
290.56;770.35
290.70;765.40
290.83;767.05
290.97;767.35
291.10;762.55
291.23;767.60
291.37;765.90
291.50;763.30
291.63;764.05
291.77;771.20
291.90;766.80
292.04;773.20
292.17;774.50
292.30;775.70
292.44;771.00
292.57;776.25
292.70;780.00
292.84;777.20
292.97;772.30
293.11;772.80
293.24;775.35
293.37;772.00
293.51;775.20
293.64;784.30
293.77;785.75
293.91;777.55
294.04;772.10
294.17;770.65
294.31;761.95
294.44;760.55
294.58;763.65
294.71;763.55
294.84;763.75
294.98;768.70
295.11;768.40
295.24;766.45
295.38;767.70
295.51;767.80
295.64;770.10
295.78;776.20
295.91;775.35
296.05;777.95
296.18;777.65
296.31;774.90
296.45;770.00
296.58;773.20
296.71;773.80
296.85;773.60
296.98;774.40
297.11;775.15
297.25;771.30
297.38;766.50
297.52;765.70
297.65;764.45
297.78;762.95
297.92;771.20
298.05;773.90
298.18;771.90
298.32;772.80
298.45;774.65
298.58;770.90
298.72;771.20
298.85;775.45
298.98;777.55
299.12;775.70
299.25;776.15
299.38;777.75
299.52;772.40
299.65;770.10
299.78;770.65
299.92;767.90
300.05;761.95
300.18;764.70
300.32;761.30
300.45;763.15
300.59;767.90
300.72;776.75
300.85;780.25
300.99;785.50
301.12;785.20
301.25;780.95
301.39;777.65
301.52;771.25
301.65;770.30
301.79;769.65
301.92;767.75
302.05;765.95
302.19;769.35
302.32;767.30
302.45;767.50
302.59;767.90
302.72;765.75
302.85;765.00
302.99;770.55
303.12;769.30
303.25;779.05
303.39;776.00
303.52;776.75
303.65;770.05
303.79;766.50
303.92;759.75
304.05;763.50
304.19;761.90
304.32;762.20
304.45;762.55
304.59;761.95
304.72;766.75
304.85;774.50
304.99;771.50
305.12;771.95
305.25;771.45
305.39;768.35
305.52;765.05
305.65;768.00
305.79;767.80
305.92;771.35
306.05;770.60
306.19;767.70
306.32;765.35
306.45;768.30
306.59;766.50
306.72;762.35
306.85;758.35
306.98;761.00
307.12;762.90
307.25;759.70
307.38;759.25
307.52;770.85
307.65;770.05
307.78;765.00
307.92;763.60
308.05;768.10
308.18;766.80
308.32;767.75
308.45;770.10
308.58;772.25
308.72;772.30
308.85;765.65
308.98;766.90
309.12;769.60
309.25;775.05
309.38;773.90
309.51;772.75
309.65;773.45
309.78;770.65
309.91;761.65
310.05;761.25
310.18;768.65
310.31;765.70
310.45;765.15
310.58;767.95
310.71;768.55
310.85;757.35
310.98;758.55
311.11;758.10
311.24;759.30
311.38;758.80
311.51;761.65
311.64;763.70
311.78;763.50
311.91;765.20
312.04;769.10
312.18;771.15
312.31;773.90
312.44;778.35
312.58;777.55
312.71;772.75
312.84;775.30
312.97;770.15
313.11;767.30
313.24;761.60
313.37;759.95
313.51;752.30
313.64;751.60
313.77;752.65
313.90;760.20
314.04;760.80
314.17;761.20
314.30;760.15
314.44;757.35
314.57;752.20
314.70;752.45
314.84;761.05
314.97;763.80
315.10;768.05
315.23;766.05
315.37;769.35
315.50;764.65
315.63;761.15
315.77;758.05
315.90;765.85
316.03;767.90
316.16;766.25
316.30;766.40
316.43;764.10
316.56;756.15
316.70;752.90
316.83;752.05
316.96;758.80
317.09;764.05
317.23;766.65
317.36;763.70
317.49;770.20
317.63;758.05
317.76;753.80
317.89;754.05
318.02;755.80
318.16;752.70
318.29;764.70
318.42;769.10
318.56;773.10
318.69;777.70
318.82;775.65
318.95;771.95
319.09;770.35
319.22;769.65
319.35;762.80
319.48;762.95
319.62;760.95
319.75;760.60
319.88;756.10
320.02;762.85
320.15;762.20
320.28;763.45
320.41;760.95
320.55;762.90
320.68;760.25
320.81;762.10
320.94;761.30
321.08;765.50
321.21;767.35
321.34;769.40
321.48;771.00
321.61;771.90
321.74;769.60
321.87;768.65
322.01;767.65
322.14;767.45
322.27;768.40
322.40;772.80
322.54;767.80
322.67;762.45
322.80;759.65
322.93;754.40
323.07;747.70
323.20;748.40
323.33;752.35
323.47;757.25
323.60;758.55
323.73;761.20
323.86;763.75
324.00;763.20
324.13;762.20
324.26;765.90
324.39;765.25
324.53;764.00
324.66;760.90
324.79;757.50
324.92;758.30
325.06;763.85
325.19;768.30
325.32;774.55
325.45;773.75
325.59;772.90
325.72;764.60
325.85;763.45
325.98;754.75
326.12;754.25
326.25;751.25
326.38;752.55
326.51;756.35
326.65;763.90
326.78;763.90
326.91;765.20
327.04;764.65
327.18;756.40
327.31;755.60
327.44;765.25
327.57;764.95
327.71;766.55
327.84;767.75
327.97;764.55
328.10;757.80
328.24;759.35
328.37;759.25
328.50;761.70
328.63;763.20
328.77;764.50
328.90;766.05
329.03;765.00
329.16;763.60
329.30;763.75
329.43;762.25
329.56;760.60
329.69;763.50
329.83;762.90
329.96;763.35
330.09;761.30
330.22;760.45
330.35;754.85
330.49;754.75
330.62;755.00
330.75;756.80
330.88;761.40
331.02;770.60
331.15;772.20
331.28;770.65
331.41;765.10
331.55;758.10
331.68;753.15
331.81;755.65
331.94;756.80
332.07;760.10
332.21;766.00
332.34;765.65
332.47;762.80
332.60;759.80
332.74;762.85
332.87;761.75
333.00;759.05
333.13;756.25
333.27;759.30
333.40;761.15
333.53;759.40
333.66;762.75
333.79;767.35
333.93;768.85
334.06;763.90
334.19;767.90
334.32;767.90
334.46;764.10
334.59;761.15
334.72;758.55
334.85;752.85
334.98;747.55
335.12;745.45
335.25;749.10
335.38;755.90
335.51;757.60
335.65;763.55
335.78;765.05
335.91;762.60
336.04;761.50
336.17;762.15
336.31;760.30
336.44;761.65
336.57;761.65
336.70;756.90
336.83;757.25
336.97;760.35
337.10;764.70
337.23;765.45
337.36;770.30
337.50;768.15
337.63;764.80
337.76;762.30
337.89;766.65
338.02;765.85
338.16;766.90
338.29;768.25
338.42;770.05
338.55;761.15
338.68;760.50
338.82;761.25
338.95;759.55
339.08;759.20
339.21;763.70
339.34;767.40
339.48;768.00
339.61;771.30
339.74;772.35
339.87;771.65
340.00;768.15
340.14;765.20
340.27;767.15
340.40;761.00
340.53;763.90
340.66;764.15
340.80;763.25
340.93;760.50
341.06;765.10
341.19;760.50
341.32;761.55
341.46;765.95
341.59;765.45
341.72;766.95
341.85;768.80
341.98;767.40
342.12;767.15
342.25;770.40
342.38;768.75
342.51;765.65
342.64;761.00
342.78;759.00
342.91;756.90
343.04;755.35
343.17;759.45
343.30;763.15
343.43;761.25
343.57;762.95
343.70;762.85
343.83;764.65
343.96;767.45
344.09;770.00
344.23;769.40
344.36;769.45
344.49;769.55
344.62;762.15
344.75;762.85
344.89;757.55
345.02;757.65
345.15;756.30
345.28;763.25
345.41;761.85
345.54;764.65
345.68;763.65
345.81;760.95
345.94;760.45
346.07;762.80
346.20;763.90
346.34;769.30
346.47;774.75
346.60;774.35
346.73;771.40
346.86;765.70
346.99;760.55
347.13;755.25
347.26;753.35
347.39;756.50
347.52;763.15
347.65;764.40
347.78;760.85
347.92;759.85
348.05;757.95
348.18;756.80
348.31;753.40
348.44;757.80
348.57;763.15
348.71;766.60
348.84;761.95
348.97;766.00
349.10;767.65
349.23;766.90
349.36;758.60
349.50;761.80
349.63;761.15
349.76;760.00
349.89;759.80
350.02;765.95
350.15;764.30
350.29;762.75
350.42;767.65
350.55;763.30
350.68;758.45
350.81;761.45
350.94;766.45
351.08;760.55
351.21;766.00
351.34;773.10
351.47;770.30
351.60;766.45
351.73;769.35
351.87;768.00
352.00;763.20
352.13;766.15
352.26;765.65
352.39;766.25
352.52;768.80
352.66;769.25
352.79;769.45
352.92;770.75
353.05;767.70
353.18;763.50
353.31;762.20
353.44;760.35
353.58;759.05
353.71;757.55
353.84;756.30
353.97;758.00
354.10;760.35
354.23;762.25
354.36;768.10
354.50;770.45
354.63;770.50
354.76;763.95
354.89;759.40
355.02;755.50
355.15;753.15
355.29;754.00
355.42;764.60
355.55;767.85
355.68;771.65
355.81;776.90
355.94;776.10
356.07;771.25
356.21;775.85
356.34;771.50
356.47;771.40
356.60;772.75
356.73;773.25
356.86;770.60
356.99;772.90
357.13;770.65
357.26;769.35
357.39;767.35
357.52;767.30
357.65;768.15
357.78;768.60
357.91;771.70
358.04;771.80
358.18;774.20
358.31;771.15
358.44;771.85
358.57;769.40
358.70;773.80
358.83;772.55
358.96;779.05
359.10;780.65
359.23;780.25
359.36;777.15
359.49;771.80
359.62;769.45
359.75;766.05
359.88;767.65
360.01;771.85
360.15;776.95
360.28;773.30
360.41;773.60
360.54;776.85
360.67;774.50
360.80;773.35
360.93;774.65
361.06;772.50
361.20;768.50
361.33;766.90
361.46;765.30
361.59;762.65
361.72;763.45
361.85;764.65
361.98;767.50
362.11;770.35
362.25;772.05
362.38;770.85
362.51;769.45
362.64;771.60
362.77;773.00
362.90;774.00
363.03;782.20
363.16;783.65
363.29;779.25
363.43;779.00
363.56;779.05
363.69;773.10
363.82;768.45
363.95;771.15
364.08;767.30
364.21;766.80
364.34;766.95
364.48;769.65
364.61;768.45
364.74;768.95
364.87;769.65
365.00;772.00
365.13;768.35
365.26;764.40
365.39;765.40
365.52;767.30
365.65;768.60
365.79;776.55
365.92;782.90
366.05;787.60
366.18;788.10
366.31;783.00
366.44;779.50
366.57;777.10
366.70;780.55
366.83;778.25
366.97;779.25
367.10;776.30
367.23;777.50
367.36;772.15
367.49;771.55
367.62;775.80
367.75;781.95
367.88;783.60
368.01;783.95
368.14;786.70
368.28;785.90
368.41;788.85
368.54;791.60
368.67;791.75
368.80;793.95
368.93;794.50
369.06;790.20
369.19;787.05
369.32;786.00
369.45;782.90
369.59;777.45
369.72;777.35
369.85;776.65
369.98;779.30
370.11;775.20
370.24;777.05
370.37;778.45
370.50;775.00
370.63;769.30
370.76;773.70
370.89;771.35
371.02;773.80
371.16;774.65
371.29;778.70
371.42;778.55
371.55;786.10
371.68;778.90
371.81;778.15
371.94;774.20
372.07;772.00
372.20;772.00
372.33;776.20
372.46;778.35
372.60;780.00
372.73;779.75
372.86;777.70
372.99;772.10
373.12;769.45
373.25;769.50
373.38;772.85
373.51;770.60
373.64;778.10
373.77;778.60
373.90;777.75
374.03;777.35
374.16;780.10
374.30;782.30
374.43;785.35
374.56;786.85
374.69;784.85
374.82;782.90
374.95;781.95
375.08;782.45
375.21;782.75
375.34;784.55
375.47;789.25
375.60;789.55
375.73;788.70
375.86;787.80
375.99;786.05
376.13;784.00
376.26;782.20
376.39;782.10
376.52;779.75
376.65;777.65
376.78;776.20
376.91;774.60
377.04;776.15
377.17;780.80
377.30;780.70
377.43;778.90
377.56;780.25
377.69;778.85
377.82;777.80
377.95;779.35
378.09;780.95
378.22;780.05
378.35;778.25
378.48;781.70
378.61;786.45
378.74;790.45
378.87;789.55
379.00;791.25
379.13;786.70
379.26;784.80
379.39;779.10
379.52;778.90
379.65;779.15
379.78;777.35
379.91;776.80
380.04;781.50
380.17;782.70
380.31;780.55
380.44;788.50
380.57;792.65
380.70;789.55
380.83;788.95
380.96;786.95
381.09;781.15
381.22;779.10
381.35;782.65
381.48;782.45
381.61;790.70
381.74;795.15
381.87;792.00
382.00;790.10
382.13;792.95
382.26;787.90
382.39;783.25
382.52;784.45
382.65;784.75
382.78;783.00
382.91;782.50
383.05;784.40
383.18;788.15
383.31;790.40
383.44;791.35
383.57;794.60
383.70;790.40
383.83;789.05
383.96;787.50
384.09;785.65
384.22;783.25
384.35;787.60
384.48;785.20
384.61;779.40
384.74;780.50
384.87;783.45
385.00;786.35
385.13;790.35
385.26;795.20
385.39;794.20
385.52;791.80
385.65;786.35
385.78;782.90
385.91;782.70
386.04;783.50
386.17;783.05
386.30;783.80
386.43;782.05
386.57;785.60
386.70;788.90
386.83;790.95
386.96;798.05
387.09;802.00
387.22;796.70
387.35;792.25
387.48;789.35
387.61;788.90
387.74;792.20
387.87;798.25
388.00;799.70
388.13;804.70
388.26;800.80
388.39;795.60
388.52;793.70
388.65;796.70
388.78;796.75
388.91;797.35
389.04;803.55
389.17;802.20
389.30;797.70
389.43;794.10
389.56;791.15
389.69;789.50
389.82;790.00
389.95;793.05
390.08;792.80
390.21;798.20
390.34;791.25
390.47;791.95
390.60;792.95
390.73;795.35
390.86;794.70
390.99;799.35
391.12;796.80
391.25;795.70
391.38;797.20
391.51;794.40
391.64;796.45
391.77;797.40
391.90;797.30
392.03;796.85
392.16;803.55
392.29;802.55
392.42;805.25
392.55;802.70
392.68;804.85
392.81;802.45
392.94;798.35
393.07;797.00
393.20;800.05
393.33;795.85
393.46;793.55
393.59;801.10
393.72;805.35
393.85;803.85
393.98;803.50
394.11;805.70
394.24;802.75
394.37;795.30
394.50;795.90
394.63;796.50
394.76;790.45
394.89;788.95
395.02;794.05
395.15;798.35
395.28;799.20
395.41;802.90
395.54;801.70
395.67;800.55
395.80;797.50
395.93;798.30
396.06;796.75
396.19;799.45
396.32;803.60
396.45;807.05
396.58;808.35
396.71;811.25
396.84;813.55
396.97;809.20
397.10;806.30
397.23;803.70
397.36;805.45
397.49;805.60
397.62;804.60
397.75;805.70
397.88;808.85
398.01;808.30
398.14;805.80
398.27;805.55
398.40;811.45
398.53;810.65
398.66;812.40
398.79;811.80
398.92;813.65
399.05;805.00
399.18;805.20
399.31;805.40
399.44;809.40
399.57;813.45
399.70;818.25
399.83;820.05
399.96;816.20
400.09;815.70
400.22;810.20
400.35;811.20
400.48;810.95
400.61;821.00
400.74;825.10
400.87;826.95
401.00;821.75
401.13;821.95
401.26;817.30
401.39;813.70
401.52;815.95
401.65;822.55
401.78;818.75
401.91;819.15
402.04;821.55
402.17;822.90
402.30;818.40
402.43;828.10
402.56;825.20
402.69;821.80
402.82;816.75
402.94;810.90
403.07;803.90
403.20;800.60
403.33;798.80
403.46;798.30
403.59;802.70
403.72;802.80
403.85;805.25
403.98;806.65
404.11;810.10
404.24;810.25
404.37;810.25
404.50;807.60
404.63;806.25
404.76;804.50
404.89;805.25
405.02;804.30
405.15;806.25
405.28;807.00
405.41;803.05
405.54;803.20
405.67;809.20
405.80;810.30
405.93;813.75
406.06;818.90
406.19;820.45
406.32;821.00
406.44;826.50
406.57;821.85
406.70;829.90
406.83;832.60
406.96;828.30
407.09;823.70
407.22;826.45
407.35;824.80
407.48;826.90
407.61;823.95
407.74;823.05
407.87;824.80
408.00;818.50
408.13;813.65
408.26;817.20
408.39;816.40
408.52;864.20
408.65;876.80
408.78;879.50
408.91;877.60
409.04;878.55
409.16;832.65
409.29;822.20
409.42;819.85
409.55;823.10
409.68;822.15
409.81;819.45
409.94;817.60
410.07;815.55
410.20;812.65
410.33;818.40
410.46;819.45
410.59;822.35
410.72;827.30
410.85;830.75
410.98;829.40
411.11;827.95
411.24;833.55
411.36;836.10
411.49;840.50
411.62;839.00
411.75;840.40
411.88;831.30
412.01;824.10
412.14;817.60
412.27;815.40
412.40;815.25
412.53;818.75
412.66;824.10
412.79;825.30
412.92;831.55
413.05;832.85
413.18;838.90
413.31;840.15
413.43;839.90
413.56;837.05
413.69;839.75
413.82;834.35
413.95;831.00
414.08;830.75
414.21;831.70
414.34;829.75
414.47;829.30
414.60;831.00
414.73;829.40
414.86;824.85
414.99;826.85
415.11;833.55
415.24;835.55
415.37;840.15
415.50;840.05
415.63;839.00
415.76;834.05
415.89;834.00
416.02;830.35
416.15;836.45
416.28;836.50
416.41;839.50
416.54;834.15
416.67;836.45
416.79;835.80
416.92;839.75
417.05;838.85
417.18;849.85
417.31;853.85
417.44;853.40
417.57;851.70
417.70;853.55
417.83;848.35
417.96;846.30
418.09;843.40
418.22;844.60
418.34;847.50
418.47;849.75
418.60;852.20
418.73;854.30
418.86;852.00
418.99;845.15
419.12;845.70
419.25;842.25
419.38;849.70
419.51;849.50
419.64;851.00
419.76;850.50
419.89;848.90
420.02;843.55
420.15;843.30
420.28;847.05
420.41;843.90
420.54;845.85
420.67;845.40
420.80;843.85
420.93;844.25
421.05;847.55
421.18;847.15
421.31;849.20
421.44;855.40
421.57;854.40
421.70;851.00
421.83;856.75
421.96;857.25
422.09;855.30
422.22;856.65
422.34;858.95
422.47;854.80
422.60;855.75
422.73;853.65
422.86;851.85
422.99;852.35
423.12;855.85
423.25;852.35
423.38;855.10
423.51;854.40
423.63;852.50
423.76;849.50
423.89;856.30
424.02;855.75
424.15;856.85
424.28;855.90
424.41;859.20
424.54;852.50
424.67;849.65
424.79;849.00
424.92;859.25
425.05;860.05
425.18;867.75
425.31;872.25
425.44;874.85
425.57;868.80
425.70;865.60
425.83;860.90
425.95;860.15
426.08;856.15
426.21;860.30
426.34;865.75
426.47;868.20
426.60;866.30
426.73;867.00
426.86;866.40
426.98;868.85
427.11;866.30
427.24;865.00
427.37;869.70
427.50;867.35
427.63;865.30
427.76;870.40
427.89;878.25
428.01;875.35
428.14;874.40
428.27;868.50
428.40;863.10
428.53;860.25
428.66;862.40
428.79;865.05
428.92;868.35
429.04;869.65
429.17;870.20
429.30;874.35
429.43;877.15
429.56;877.10
429.69;879.10
429.82;878.80
429.95;876.50
430.07;875.95
430.20;876.65
430.33;880.05
430.46;883.80
430.59;881.40
430.72;881.90
430.85;881.25
430.97;873.50
431.10;869.10
431.23;870.55
431.36;869.10
431.49;868.50
431.62;874.05
431.75;875.30
431.88;876.90
432.00;876.85
432.13;876.55
432.26;876.25
432.39;877.55
432.52;877.50
432.65;875.80
432.78;876.85
432.90;878.35
433.03;875.30
433.16;876.80
433.29;878.60
433.42;884.45
433.55;885.20
433.68;887.25
433.80;890.15
433.93;890.55
434.06;893.30
434.19;893.95
434.32;897.50
434.45;897.30
434.57;902.30
434.70;903.20
434.83;905.05
434.96;903.00
435.09;903.60
435.22;902.85
435.35;894.65
435.47;894.10
435.60;899.40
435.73;896.95
435.86;892.40
435.99;895.80
436.12;894.85
436.25;892.30
436.37;890.10
436.50;900.25
436.63;901.60
436.76;906.30
436.89;911.40
437.02;918.95
437.14;909.75
437.27;914.15
437.40;911.75
437.53;906.60
437.66;898.65
437.79;897.40
437.91;891.00
438.04;886.25
438.17;885.50
438.30;891.45
438.43;896.75
438.56;900.80
438.68;902.05
438.81;899.05
438.94;898.65
439.07;903.20
439.20;899.15
439.33;901.35
439.45;906.90
439.58;906.60
439.71;897.90
439.84;899.95
439.97;901.40
440.10;908.20
440.22;910.35
440.35;913.10
440.48;912.70
440.61;912.45
440.74;906.15
440.87;899.20
440.99;897.85
441.12;902.75
441.25;902.60
441.38;902.40
441.51;908.95
441.64;914.60
441.76;911.80
441.89;912.15
442.02;908.30
442.15;904.15
442.28;901.95
442.40;901.70
442.53;900.65
442.66;904.15
442.79;906.15
442.92;905.60
443.05;906.85
443.17;914.35
443.30;915.05
443.43;914.25
443.56;916.25
443.69;917.40
443.81;914.55
443.94;917.75
444.07;917.20
444.20;922.85
444.33;926.45
444.46;921.15
444.58;913.50
444.71;915.10
444.84;908.35
444.97;900.30
445.10;902.55
445.22;906.20
445.35;905.25
445.48;908.25
445.61;915.80
445.74;917.45
445.86;914.60
445.99;919.90
446.12;915.85
446.25;915.15
446.38;914.05
446.51;924.90
446.63;923.40
446.76;927.70
446.89;927.40
447.02;937.25
447.15;933.35
447.27;934.45
447.40;929.50
447.53;928.30
447.66;918.75
447.79;914.20
447.91;915.90
448.04;921.15
448.17;919.45
448.30;924.15
448.43;926.70
448.55;921.05
448.68;916.75
448.81;919.00
448.94;912.85
449.07;908.55
449.19;909.45
449.32;915.75
449.45;913.85
449.58;917.00
449.71;919.95
449.83;924.95
449.96;918.55
450.09;917.75
450.22;922.85
450.34;924.25
450.47;918.80
450.60;921.30
450.73;922.75
450.86;921.05
450.98;921.60
451.11;927.00
451.24;929.90
451.37;933.00
451.50;930.50
451.62;934.20
451.75;931.40
451.88;927.65
452.01;922.65
452.14;920.95
452.26;915.70
452.39;915.60
452.52;921.20
452.65;928.60
452.77;932.85
452.90;937.45
453.03;938.05
453.16;939.45
453.29;935.95
453.41;935.20
453.54;936.10
453.67;939.25
453.80;935.20
453.92;942.15
454.05;946.60
454.18;949.05
454.31;945.25
454.44;944.30
454.56;940.60
454.69;939.05
454.82;930.90
454.95;931.85
455.07;932.65
455.20;934.65
455.33;931.65
455.46;940.45
455.59;943.45
455.71;945.20
455.84;940.05
455.97;942.25
456.10;938.40
456.22;938.70
456.35;938.50
456.48;941.55
456.61;942.10
456.73;940.85
456.86;935.90
456.99;936.80
457.12;936.30
457.24;937.60
457.37;937.30
457.50;942.15
457.63;945.35
457.76;948.35
457.88;948.05
458.01;952.45
458.14;952.30
458.27;952.30
458.39;955.75
458.52;950.55
458.65;950.55
458.78;955.10
458.90;955.30
459.03;948.00
459.16;953.30
459.29;951.75
459.41;948.15
459.54;949.10
459.67;953.15
459.80;956.50
459.92;959.15
460.05;957.55
460.18;955.70
460.31;954.35
460.43;947.30
460.56;946.35
460.69;947.85
460.82;950.60
460.94;953.75
461.07;964.70
461.20;960.45
461.33;959.90
461.45;957.65
461.58;952.55
461.71;945.00
461.84;949.00
461.96;950.25
462.09;947.15
462.22;948.75
462.35;953.05
462.47;953.45
462.60;955.55
462.73;959.95
462.86;962.55
462.98;961.60
463.11;965.20
463.24;965.65
463.37;968.25
463.49;965.25
463.62;968.20
463.75;967.50
463.88;970.30
464.00;968.95
464.13;971.25
464.26;967.25
464.39;968.95
464.51;972.90
464.64;971.75
464.77;974.15
464.90;973.65
465.02;972.90
465.15;970.20
465.28;973.15
465.40;977.20
465.53;976.65
465.66;973.15
465.79;968.55
465.91;971.40
466.04;965.75
466.17;966.75
466.30;972.55
466.42;975.40
466.55;968.75
466.68;974.20
466.80;977.45
466.93;976.90
467.06;975.40
467.19;974.05
467.31;969.80
467.44;971.25
467.57;972.65
467.70;977.65
467.82;982.10
467.95;985.15
468.08;984.90
468.20;986.55
468.33;985.60
468.46;988.75
468.59;991.25
468.71;997.05
468.84;996.50
468.97;1001.45
469.10;1004.05
469.22;1003.50
469.35;999.40
469.48;997.25
469.60;999.00
469.73;1001.10
469.86;1001.85
469.99;1004.60
470.11;1013.25
470.24;1008.25
470.37;1006.00
470.49;1007.55
470.62;1004.15
470.75;1002.55
470.88;1007.85
471.00;1013.40
471.13;1011.55
471.26;1013.10
471.38;1008.80
471.51;1005.05
471.64;997.35
471.77;999.15
471.89;998.30
472.02;1000.95
472.15;1000.55
472.27;1008.15
472.40;1009.70
472.53;1013.10
472.65;1016.50
472.78;1021.70
472.91;1021.10
473.04;1026.10
473.16;1026.05
473.29;1027.10
473.42;1029.85
473.54;1030.45
473.67;1028.65
473.80;1025.40
473.93;1026.15
474.05;1020.45
474.18;1019.40
474.31;1022.05
474.43;1027.40
474.56;1028.00
474.69;1030.30
474.81;1032.55
474.94;1034.30
475.07;1034.30
475.20;1033.15
475.32;1032.05
475.45;1031.20
475.58;1026.75
475.70;1030.95
475.83;1030.15
475.96;1033.60
476.08;1034.25
476.21;1039.60
476.34;1038.25
476.46;1043.25
476.59;1044.15
476.72;1040.15
476.85;1035.00
476.97;1035.55
477.10;1032.85
477.23;1036.00
477.35;1044.00
477.48;1043.35
477.61;1041.55
477.73;1046.10
477.86;1045.15
477.99;1046.75
478.11;1052.25
478.24;1059.05
478.37;1061.05
478.49;1062.80
478.62;1062.85
478.75;1062.50
478.88;1060.10
479.00;1058.50
479.13;1058.25
479.26;1059.90
479.38;1062.80
479.51;1063.40
479.64;1063.90
479.76;1069.90
479.89;1070.60
480.02;1069.35
480.14;1069.45
480.27;1068.50
480.40;1069.15
480.52;1069.30
480.65;1067.85
480.78;1071.00
480.90;1072.00
481.03;1069.25
481.16;1068.05
481.28;1071.45
481.41;1072.10
481.54;1075.60
481.66;1074.15
481.79;1073.80
481.92;1076.50
482.04;1074.90
482.17;1075.15
482.30;1082.00
482.42;1085.45
482.55;1082.00
482.68;1086.40
482.80;1084.45
482.93;1082.05
483.06;1079.65
483.18;1082.35
483.31;1081.95
483.44;1085.10
483.56;1080.65
483.69;1082.80
483.82;1081.55
483.94;1082.40
484.07;1083.95
484.20;1088.15
484.32;1095.85
484.45;1097.20
484.58;1099.15
484.70;1096.50
484.83;1094.00
484.96;1088.10
485.08;1086.85
485.21;1087.30
485.34;1089.30
485.46;1090.65
485.59;1092.70
485.72;1095.80
485.84;1097.30
485.97;1099.70
486.10;1100.50
486.22;1098.65
486.35;1099.60
486.48;1096.05
486.60;1094.50
486.73;1101.90
486.86;1102.35
486.98;1104.70
487.11;1104.40
487.23;1104.15
487.36;1096.85
487.49;1098.15
487.61;1095.55
487.74;1101.55
487.87;1096.45
487.99;1099.75
488.12;1098.45
488.25;1101.50
488.37;1100.95
488.50;1109.05
488.63;1108.20
488.75;1111.65
488.88;1112.75
489.01;1110.85
489.13;1105.95
489.26;1105.45
489.38;1103.40
489.51;1101.95
489.64;1100.05
489.76;1101.75
489.89;1105.75
490.02;1108.70
490.14;1111.75
490.27;1113.20
490.40;1115.75
490.52;1111.90
490.65;1112.55
490.77;1110.50
490.90;1116.45
491.03;1118.55
491.15;1116.25
491.28;1119.20
491.41;1122.05
491.53;1115.70
491.66;1112.60
491.79;1124.35
491.91;1117.00
492.04;1116.40
492.16;1115.70
492.29;1126.80
492.42;1123.15
492.54;1125.80
492.67;1120.90
492.80;1123.50
492.92;1110.90
493.05;1103.80
493.17;1102.05
493.30;1102.10
493.43;1101.65
493.55;1104.85
493.68;1111.50
493.81;1113.20
493.93;1117.70
494.06;1118.05
494.18;1114.15
494.31;1113.45
494.44;1113.05
494.56;1110.25
494.69;1113.65
494.82;1115.10
494.94;1110.55
495.07;1112.25
495.19;1115.10
495.32;1113.45
495.45;1111.90
495.57;1117.70
495.70;1115.30
495.83;1111.20
495.95;1106.95
496.08;1110.15
496.20;1106.70
496.33;1107.35
496.46;1105.25
496.58;1109.90
496.71;1110.95
496.83;1118.45
496.96;1116.55
497.09;1116.55
497.21;1112.10
497.34;1108.05
497.47;1103.40
497.59;1105.40
497.72;1109.85
497.84;1113.80
497.97;1116.15
498.10;1110.25
498.22;1112.45
498.35;1113.30
498.47;1111.80
498.60;1112.75
498.73;1117.00
498.85;1117.45
498.98;1112.20
499.10;1114.05
499.23;1117.65
499.36;1119.35
499.48;1116.55
499.61;1117.50
499.73;1114.45
499.86;1107.00
499.99;1102.45
500.11;1103.35
500.24;1104.25
500.36;1107.60
500.49;1113.75
500.62;1114.50
500.74;1116.50
500.87;1115.95
500.99;1113.60
501.12;1108.75
501.25;1108.30
501.37;1105.85
501.50;1110.00
501.62;1109.10
501.75;1110.10
501.88;1107.05
502.00;1109.45
502.13;1105.95
502.25;1109.15
502.38;1110.05
502.51;1114.15
502.63;1113.10
502.76;1117.05
502.88;1115.55
503.01;1119.05
503.14;1119.70
503.26;1114.45
503.39;1110.40
503.51;1106.45
503.64;1099.85
503.76;1097.65
503.89;1099.25
504.02;1101.50
504.14;1107.55
504.27;1112.45
504.39;1112.35
504.52;1110.20
504.65;1111.20
504.77;1110.85
504.90;1110.55
505.02;1112.10
505.15;1115.30
505.27;1113.15
505.40;1104.45
505.53;1100.15
505.65;1099.45
505.78;1099.05
505.90;1098.85
506.03;1103.05
506.15;1104.45
506.28;1105.55
506.41;1104.55
506.53;1102.20
506.66;1102.15
506.78;1105.85
506.91;1106.65
507.04;1104.95
507.16;1103.90
507.29;1105.85
507.41;1102.70
507.54;1101.15
507.66;1108.30
507.79;1115.55
507.92;1112.20
508.04;1114.20
508.17;1112.80
508.29;1112.70
508.42;1114.40
508.54;1119.65
508.67;1118.70
508.80;1122.80
508.92;1120.15
509.05;1115.95
509.17;1114.35
509.30;1116.60
509.42;1114.85
509.55;1117.85
509.67;1118.05
509.80;1115.75
509.93;1117.25
510.05;1119.15
510.18;1116.00
510.30;1117.60
510.43;1122.00
510.55;1113.85
510.68;1108.85
510.81;1109.35
510.93;1109.00
511.06;1115.40
511.18;1122.70
511.31;1126.60
511.43;1128.70
511.56;1130.55
511.68;1121.20
511.81;1114.50
511.94;1111.15
512.06;1109.05
512.19;1110.85
512.31;1116.60
512.44;1123.80
512.56;1133.25
512.69;1131.60
512.81;1126.90
512.94;1123.00
513.06;1120.40
513.19;1118.45
513.32;1124.70
513.44;1131.15
513.57;1134.15
513.69;1140.80
513.82;1136.05
513.94;1129.80
514.07;1123.15
514.19;1120.00
514.32;1114.55
514.45;1119.70
514.57;1129.05
514.70;1138.10
514.82;1142.55
514.95;1143.15
515.07;1135.50
515.20;1126.10
515.32;1117.80
515.45;1116.95
515.57;1119.75
515.70;1133.55
515.82;1148.35
515.95;1158.55
516.08;1163.65
516.20;1164.00
516.33;1152.85
516.45;1139.60
516.58;1132.70
516.70;1129.70
516.83;1130.20
516.95;1133.65
517.08;1145.25
517.20;1154.75
517.33;1153.40
517.45;1154.70
517.58;1151.75
517.71;1139.70
517.83;1130.45
517.96;1131.60
518.08;1131.60
518.21;1140.20
518.33;1152.05
518.46;1158.70
518.58;1164.20
518.71;1165.80
518.83;1154.90
518.96;1139.00
519.08;1131.85
519.21;1118.85
519.33;1112.15
519.46;1117.60
519.58;1131.35
519.71;1167.10
519.83;1188.95
519.96;1201.75
520.09;1206.35
520.21;1202.70
520.34;1159.85
520.46;1137.90
520.59;1119.90
520.71;1112.95
520.84;1113.50
520.96;1124.10
521.09;1137.45
521.21;1154.55
521.34;1168.15
521.46;1177.70
521.59;1183.35
521.71;1176.15
521.84;1161.20
521.96;1145.20
522.09;1128.35
522.21;1120.70
522.34;1119.25
522.46;1131.60
522.59;1148.90
522.71;1169.65
522.84;1187.15
522.96;1202.90
523.09;1207.15
523.21;1195.55
523.34;1173.80
523.46;1150.35
523.59;1125.55
523.71;1116.80
523.84;1113.95
523.96;1127.10
524.09;1141.70
524.22;1162.60
524.34;1173.85
524.47;1189.35
524.59;1194.40
524.72;1195.15
524.84;1186.40
524.97;1167.40
525.09;1150.55
525.22;1134.60
525.34;1125.00
525.47;1123.80
525.59;1130.35
525.72;1145.35
525.84;1155.90
525.97;1170.95
526.09;1184.35
526.22;1197.95
526.34;1203.30
526.47;1203.95
526.59;1191.70
526.72;1177.05
526.84;1158.00
526.97;1141.65
527.09;1138.50
527.22;1138.35
527.34;1149.00
527.47;1168.50
527.59;1190.35
527.71;1209.20
527.84;1229.20
527.96;1239.65
528.09;1243.25
528.21;1230.00
528.34;1209.35
528.46;1189.25
528.59;1164.90
528.71;1146.65
528.84;1140.70
528.96;1144.65
529.09;1150.15
529.21;1170.60
529.34;1186.90
529.46;1205.75
529.59;1228.75
529.71;1251.45
529.84;1265.80
529.96;1266.20
530.09;1259.15
530.21;1235.35
530.34;1209.40
530.46;1184.40
530.59;1175.35
530.71;1168.75
530.84;1174.00
530.96;1180.50
531.09;1192.60
531.21;1209.20
531.34;1229.00
531.46;1248.80
531.59;1269.45
531.71;1286.65
531.83;1289.25
531.96;1279.30
532.08;1257.55
532.21;1224.20
532.33;1188.05
532.46;1167.50
532.58;1165.40
532.71;1171.25
532.83;1191.55
532.96;1216.40
533.08;1235.60
533.21;1253.30
533.33;1277.85
533.46;1298.10
533.58;1314.75
533.71;1327.80
533.83;1320.65
533.96;1296.20
534.08;1263.45
534.20;1227.35
534.33;1198.05
534.45;1186.90
534.58;1189.70
534.70;1201.15
534.83;1223.05
534.95;1240.10
535.08;1252.95
535.20;1271.10
535.33;1293.50
535.45;1305.05
535.58;1325.90
535.70;1342.00
535.82;1344.55
535.95;1334.10
536.07;1308.40
536.20;1268.60
536.32;1233.60
536.45;1208.20
536.57;1190.25
536.70;1191.75
536.82;1203.85
536.95;1216.25
537.07;1240.20
537.20;1264.15
537.32;1287.60
537.44;1309.20
537.57;1333.05
537.69;1341.60
537.82;1355.30
537.94;1362.00
538.07;1359.45
538.19;1338.00
538.32;1307.55
538.44;1261.20
538.57;1225.25
538.69;1192.00
538.81;1182.00
538.94;1184.15
539.06;1204.10
539.19;1228.45
539.31;1257.30
539.44;1281.70
539.56;1308.95
539.69;1338.40
539.81;1355.75
539.93;1374.85
540.06;1382.25
540.18;1379.85
540.31;1349.75
540.43;1312.70
540.56;1266.55
540.68;1226.35
540.81;1194.00
540.93;1186.10
541.05;1194.80
541.18;1213.20
541.30;1237.20
541.43;1261.80
541.55;1285.90
541.68;1309.10
541.80;1330.85
541.92;1353.20
542.05;1376.30
542.17;1391.50
542.30;1400.95
542.42;1391.45
542.55;1366.85
542.67;1329.15
542.80;1288.70
542.92;1241.55
543.04;1215.90
543.17;1201.70
543.29;1204.65
543.42;1219.35
543.54;1251.40
543.67;1281.95
543.79;1310.10
543.91;1336.70
544.04;1363.05
544.16;1379.45
544.29;1395.40
544.41;1411.75
544.54;1422.75
544.66;1427.60
544.78;1424.90
544.91;1402.05
545.03;1371.85
545.16;1333.50
545.28;1288.85
545.41;1255.30
545.53;1242.35
545.65;1245.10
545.78;1260.25
545.90;1290.30
546.03;1319.25
546.15;1348.50
546.27;1371.00
546.40;1392.35
546.52;1404.25
546.65;1418.70
546.77;1426.05
546.90;1434.45
547.02;1442.95
547.14;1449.90
547.27;1440.40
547.39;1421.45
547.52;1387.75
547.64;1346.30
547.76;1308.30
547.89;1281.70
548.01;1275.95
548.14;1284.80
548.26;1308.20
548.39;1338.65
548.51;1370.20
548.63;1394.75
548.76;1418.25
548.88;1434.05
549.01;1445.30
549.13;1454.75
549.25;1463.75
549.38;1473.85
549.50;1482.10
549.63;1486.05
549.75;1483.10
549.87;1466.60
550.00;1437.25
550.12;1403.15
550.25;1367.35
550.37;1341.10
550.49;1333.55
550.62;1339.80
550.74;1361.10
550.87;1386.45
550.99;1413.00
551.11;1438.70
551.24;1460.25
551.36;1471.00
551.49;1476.25
551.61;1478.45
551.73;1478.20
551.86;1483.10
551.98;1492.60
552.11;1511.75
552.23;1526.70
552.35;1529.85
552.48;1522.45
552.60;1493.60
552.73;1457.65
552.85;1425.75
552.97;1402.30
553.10;1401.55
553.22;1413.60
553.35;1435.40
553.47;1453.45
553.59;1481.35
553.72;1492.45
553.84;1503.70
553.97;1513.55
554.09;1517.60
554.21;1510.20
554.34;1512.45
554.46;1518.85
554.59;1524.45
554.71;1541.10
554.83;1567.65
554.96;1580.90
555.08;1582.60
555.20;1571.05
555.33;1543.50
555.45;1505.55
555.58;1475.15
555.70;1454.30
555.82;1448.20
555.95;1462.65
556.07;1485.95
556.20;1510.70
556.32;1533.50
556.44;1541.85
556.57;1537.85
556.69;1525.00
556.81;1514.75
556.94;1508.50
557.06;1524.55
557.19;1547.30
557.31;1572.50
557.43;1599.30
557.56;1625.85
557.68;1639.60
557.80;1640.45
557.93;1636.30
558.05;1611.10
558.18;1580.95
558.30;1543.40
558.42;1520.75
558.55;1506.35
558.67;1514.20
558.79;1530.00
558.92;1552.30
559.04;1564.20
559.17;1567.25
559.29;1560.70
559.41;1543.75
559.54;1529.85
559.66;1525.45
559.78;1530.55
559.91;1548.20
560.03;1575.90
560.15;1605.40
560.28;1638.35
560.40;1666.30
560.53;1691.10
560.65;1706.45
560.77;1703.80
560.90;1685.60
561.02;1661.50
561.14;1627.85
561.27;1610.90
561.39;1603.95
561.51;1606.70
561.64;1611.15
561.76;1615.20
561.88;1597.20
562.01;1577.25
562.13;1557.50
562.26;1542.30
562.38;1532.80
562.50;1536.85
562.63;1556.30
562.75;1581.45
562.87;1611.70
563.00;1640.35
563.12;1672.25
563.24;1701.00
563.37;1726.80
563.49;1749.05
563.61;1788.40
563.74;1791.15
563.86;1771.50
563.99;1746.45
564.11;1722.90
564.23;1676.80
564.36;1662.75
564.48;1662.25
564.60;1662.25
564.73;1643.30
564.85;1622.65
564.97;1598.50
565.10;1576.55
565.22;1558.15
565.34;1563.75
565.47;1579.50
565.59;1601.10
565.71;1626.15
565.84;1653.40
565.96;1678.10
566.08;1708.05
566.21;1734.60
566.33;1757.40
566.45;1787.35
566.58;1807.55
566.70;1819.40
566.82;1811.80
566.95;1807.80
567.07;1784.65
567.19;1763.35
567.32;1740.60
567.44;1730.65
567.56;1702.25
567.69;1677.15
567.81;1650.70
567.93;1622.10
568.06;1597.25
568.18;1591.65
568.30;1598.80
568.43;1608.90
568.55;1628.65
568.67;1654.10
568.80;1679.40
568.92;1698.15
569.04;1727.50
569.17;1752.30
569.29;1777.60
569.41;1800.00
569.54;1830.75
569.66;1850.95
569.78;1869.00
569.91;1881.60
570.03;1877.05
570.15;1855.10
570.28;1840.20
570.40;1824.65
570.52;1796.45
570.65;1778.70
570.77;1757.55
570.89;1725.70
571.02;1688.55
571.14;1669.65
571.26;1657.15
571.39;1656.10
571.51;1669.30
571.63;1685.55
571.76;1702.05
571.88;1718.60
572.00;1738.05
572.13;1755.05
572.25;1776.55
572.37;1801.80
572.49;1828.00
572.62;1854.10
572.74;1884.50
572.86;1910.25
572.99;1928.15
573.11;1939.15
573.23;1936.85
573.36;1923.50
573.48;1908.70
573.60;1882.30
573.73;1852.40
573.85;1824.25
573.97;1785.45
574.10;1751.80
574.22;1722.30
574.34;1707.45
574.46;1706.95
574.59;1712.30
574.71;1718.50
574.83;1731.60
574.96;1744.70
575.08;1759.55
575.20;1781.20
575.33;1809.40
575.45;1843.25
575.57;1867.45
575.70;1890.80
575.82;1919.90
575.94;1939.95
576.06;1956.70
576.19;1977.70
576.31;1999.75
576.43;2006.05
576.56;2012.40
576.68;2015.80
576.80;2004.45
576.93;1976.30
577.05;1938.50
577.17;1891.05
577.29;1841.70
577.42;1806.70
577.54;1776.05
577.66;1763.90
577.79;1757.50
577.91;1756.45
578.03;1755.25
578.15;1765.00
578.28;1782.65
578.40;1809.25
578.52;1832.70
578.65;1864.60
578.77;1889.15
578.89;1916.70
579.02;1936.20
579.14;1965.50
579.26;1985.95
579.38;2009.35
579.51;2027.30
579.63;2049.15
579.75;2067.65
579.88;2077.80
580.00;2078.65
580.12;2074.30
580.24;2055.90
580.37;2020.55
580.49;1979.05
580.61;1943.95
580.74;1898.35
580.86;1864.05
580.98;1838.15
581.10;1822.25
581.23;1810.20
581.35;1815.20
581.47;1825.25
581.59;1841.45
581.72;1862.70
581.84;1888.70
581.96;1910.00
582.09;1930.75
582.21;1952.40
582.33;1976.60
582.45;1994.00
582.58;2012.25
582.70;2030.00
582.82;2048.50
582.95;2063.60
583.07;2079.60
583.19;2095.65
583.31;2111.40
583.44;2121.10
583.56;2118.70
583.68;2106.30
583.80;2080.60
583.93;2037.95
584.05;1984.65
584.17;1938.30
584.30;1896.85
584.42;1865.15
584.54;1846.10
584.66;1844.20
584.79;1852.80
584.91;1863.00
585.03;1875.80
585.15;1899.45
585.28;1919.50
585.40;1937.90
585.52;1960.65
585.64;1982.80
585.77;1999.20
585.89;2019.25
586.01;2033.20
586.13;2053.10
586.26;2070.35
586.38;2086.75
586.50;2103.30
586.63;2121.40
586.75;2130.95
586.87;2144.00
586.99;2153.15
587.12;2155.25
587.24;2143.80
587.36;2113.40
587.48;2071.50
587.61;2026.10
587.73;1971.95
587.85;1928.20
587.97;1901.90
588.10;1887.95
588.22;1883.75
588.34;1887.80
588.46;1902.75
588.59;1922.95
588.71;1943.95
588.83;1955.90
588.95;1974.90
589.08;1991.25
589.20;2008.80
589.32;2022.75
589.44;2044.85
589.57;2067.35
589.69;2086.55
589.81;2100.75
589.93;2122.55
590.06;2132.55
590.18;2141.95
590.30;2152.20
590.42;2165.00
590.55;2168.50
590.67;2177.85
590.79;2179.55
590.91;2165.05
591.04;2133.20
591.16;2088.75
591.28;2039.60
591.40;1983.50
591.52;1945.15
591.65;1920.00
591.77;1920.65
591.89;1923.60
592.01;1941.95
592.14;1960.05
592.26;1986.95
592.38;1997.60
592.50;2017.55
592.63;2036.85
592.75;2051.05
592.87;2065.75
592.99;2089.65
593.12;2103.90
593.24;2117.95
593.36;2142.10
593.48;2158.40
593.60;2167.20
593.73;2188.35
593.85;2201.55
593.97;2202.25
594.09;2208.00
594.22;2222.00
594.34;2234.25
594.46;2232.25
594.58;2221.95
594.71;2193.10
594.83;2145.10
594.95;2086.35
595.07;2041.35
595.19;2010.30
595.32;2005.00
595.44;2002.05
595.56;2012.00
595.68;2023.45
595.81;2036.70
595.93;2039.75
596.05;2060.00
596.17;2068.95
596.29;2085.40
596.42;2111.85
596.54;2128.85
596.66;2142.25
596.78;2162.05
596.91;2177.20
597.03;2181.10
597.15;2200.05
597.27;2219.45
597.39;2233.05
597.52;2245.65
597.64;2258.35
597.76;2269.40
597.88;2275.30
598.00;2279.40
598.13;2288.50
598.25;2284.20
598.37;2267.55
598.49;2237.30
598.62;2197.00
598.74;2144.15
598.86;2105.15
598.98;2070.25
599.10;2053.30
599.23;2054.55
599.35;2062.50
599.47;2074.80
599.59;2096.80
599.71;2113.55
599.84;2130.55
599.96;2156.75
600.08;2170.25
600.20;2176.70
600.32;2193.95
600.45;2202.80
600.57;2208.80
600.69;2222.55
600.81;2236.80
600.93;2247.25
601.06;2263.10
601.18;2281.90
601.30;2296.65
601.42;2312.95
601.54;2325.15
601.67;2340.35
601.79;2351.15
601.91;2356.15
602.03;2354.50
602.15;2345.35
602.28;2322.90
602.40;2279.50
602.52;2241.50
602.64;2209.65
602.76;2179.55
602.89;2158.75
603.01;2156.60
603.13;2158.65
603.25;2158.30
603.37;2175.15
603.50;2193.70
603.62;2207.55
603.74;2219.50
603.86;2238.05
603.98;2248.20
604.11;2255.25
604.23;2267.20
604.35;2277.10
604.47;2290.30
604.59;2293.95
604.71;2302.50
604.84;2314.25
604.96;2329.95
605.08;2334.00
605.20;2349.55
605.32;2358.40
605.45;2367.55
605.57;2371.35
605.69;2381.55
605.81;2389.15
605.93;2393.65
606.06;2390.40
606.18;2378.55
606.30;2354.55
606.42;2316.45
606.54;2286.15
606.66;2256.40
606.79;2238.35
606.91;2231.85
607.03;2234.15
607.15;2239.15
607.27;2246.10
607.39;2256.35
607.52;2264.25
607.64;2280.55
607.76;2288.30
607.88;2304.55
608.00;2313.65
608.13;2326.05
608.25;2333.75
608.37;2346.95
608.49;2353.15
608.61;2359.85
608.73;2369.45
608.86;2382.55
608.98;2394.80
609.10;2401.90
609.22;2414.30
609.34;2429.90
609.46;2434.35
609.59;2437.75
609.71;2442.25
609.83;2446.20
609.95;2435.15
610.07;2418.50
610.19;2396.15
610.32;2374.85
610.44;2341.50
610.56;2313.20
610.68;2300.80
610.80;2291.25
610.92;2284.55
611.05;2288.35
611.17;2291.70
611.29;2292.85
611.41;2299.05
611.53;2309.05
611.65;2321.45
611.77;2334.65
611.90;2347.05
612.02;2365.20
612.14;2374.30
612.26;2383.45
612.38;2388.00
612.50;2399.10
612.63;2400.85
612.75;2412.00
612.87;2417.75
612.99;2428.90
613.11;2443.10
613.23;2450.60
613.35;2459.80
613.48;2469.30
613.60;2473.55
613.72;2466.25
613.84;2471.55
613.96;2465.95
614.08;2454.45
614.21;2446.95
614.33;2431.75
614.45;2409.70
614.57;2384.15
614.69;2364.85
614.81;2346.45
614.93;2337.90
615.06;2334.00
615.18;2337.10
615.30;2342.35
615.42;2350.00
615.54;2354.80
615.66;2355.65
615.78;2366.85
615.91;2376.65
616.03;2385.35
616.15;2395.75
616.27;2413.60
616.39;2419.80
616.51;2428.55
616.63;2432.35
616.76;2432.75
616.88;2432.95
617.00;2437.15
617.12;2438.80
617.24;2447.70
617.36;2456.85
617.48;2460.55
617.60;2461.10
617.73;2467.40
617.85;2464.30
617.97;2466.80
618.09;2459.30
618.21;2444.40
618.33;2427.60
618.45;2415.90
618.58;2401.90
618.70;2394.85
618.82;2394.90
618.94;2381.85
619.06;2379.05
619.18;2377.05
619.30;2377.40
619.42;2383.60
619.55;2399.40
619.67;2405.15
619.79;2411.25
619.91;2420.05
620.03;2419.60
620.15;2422.45
620.27;2423.20
620.39;2428.60
620.52;2431.15
620.64;2434.55
620.76;2442.80
620.88;2451.80
621.00;2451.95
621.12;2453.30
621.24;2459.35
621.36;2459.30
621.48;2457.50
621.61;2455.50
621.73;2451.30
621.85;2457.30
621.97;2458.65
622.09;2462.65
622.21;2461.75
622.33;2462.90
622.45;2449.60
622.58;2431.00
622.70;2413.50
622.82;2404.50
622.94;2395.75
623.06;2383.85
623.18;2384.05
623.30;2382.60
623.42;2385.50
623.54;2392.25
623.67;2402.95
623.79;2404.70
623.91;2406.70
624.03;2407.30
624.15;2408.40
624.27;2408.45
624.39;2413.95
624.51;2423.85
624.63;2429.10
624.75;2429.50
624.88;2432.20
625.00;2436.40
625.12;2438.05
625.24;2446.35
625.36;2452.00
625.48;2457.30
625.60;2461.05
625.72;2459.60
625.84;2453.80
625.97;2446.50
626.09;2447.50
626.21;2446.80
626.33;2448.95
626.45;2447.80
626.57;2449.70
626.69;2443.70
626.81;2432.20
626.93;2417.20
627.05;2408.35
627.17;2400.30
627.30;2388.35
627.42;2384.95
627.54;2383.15
627.66;2383.35
627.78;2388.70
627.90;2396.10
628.02;2405.55
628.14;2413.15
628.26;2412.95
628.38;2404.60
628.50;2399.25
628.63;2399.35
628.75;2400.10
628.87;2408.80
628.99;2423.10
629.11;2428.35
629.23;2425.05
629.35;2427.85
629.47;2422.65
629.59;2412.70
629.71;2414.60
629.83;2423.70
629.96;2424.45
630.08;2425.25
630.20;2433.70
630.32;2438.55
630.44;2433.70
630.56;2434.75
630.68;2438.10
630.80;2432.35
630.92;2425.80
631.04;2412.85
631.16;2404.00
631.28;2398.00
631.40;2399.50
631.53;2395.50
631.65;2403.15
631.77;2398.45
631.89;2391.75
632.01;2385.60
632.13;2385.50
632.25;2382.00
632.37;2384.35
632.49;2386.35
632.61;2389.55
632.73;2388.10
632.85;2385.15
632.97;2391.55
633.10;2411.25
633.22;2409.95
633.34;2411.30
633.46;2416.00
633.58;2412.95
633.70;2398.65
633.82;2395.20
633.94;2393.00
634.06;2391.35
634.18;2395.60
634.30;2393.15
634.42;2397.35
634.54;2402.25
634.66;2401.45
634.78;2395.90
634.91;2392.60
635.03;2385.50
635.15;2381.65
635.27;2376.70
635.39;2371.90
635.51;2366.65
635.63;2363.15
635.75;2354.50
635.87;2357.45
635.99;2357.20
636.11;2353.30
636.23;2351.50
636.35;2354.85
636.47;2359.00
636.59;2361.90
636.71;2366.85
636.83;2378.90
636.96;2387.75
637.08;2382.60
637.20;2386.25
637.32;2395.35
637.44;2388.65
637.56;2381.50
637.68;2384.95
637.80;2381.50
637.92;2367.85
638.04;2365.35
638.16;2362.60
638.28;2358.70
638.40;2354.05
638.52;2355.75
638.64;2356.80
638.76;2360.20
638.88;2357.25
639.00;2349.70
639.12;2341.55
639.24;2329.15
639.37;2313.40
639.49;2301.05
639.61;2292.15
639.73;2288.05
639.85;2288.55
639.97;2283.55
640.09;2277.55
640.21;2272.55
640.33;2264.50
640.45;2251.30
640.57;2247.85
640.69;2243.35
640.81;2233.90
640.93;2228.95
641.05;2222.60
641.17;2213.80
641.29;2210.95
641.41;2208.45
641.53;2203.80
641.65;2203.95
641.77;2201.75
641.89;2194.00
642.01;2191.15
642.13;2182.20
642.25;2174.95
642.38;2162.60
642.50;2156.50
642.62;2150.00
642.74;2149.55
642.86;2148.60
642.98;2149.40
643.10;2138.75
643.22;2137.55
643.34;2136.20
643.46;2127.00
643.58;2126.60
643.70;2128.25
643.82;2122.25
643.94;2114.10
644.06;2106.70
644.18;2096.50
644.30;2085.55
644.42;2081.05
644.54;2071.70
644.66;2059.10
644.78;2051.25
644.90;2040.90
645.02;2019.45
645.14;2007.10
645.26;2000.85
645.38;1983.10
645.50;1979.10
645.62;1983.30
645.74;1976.20
645.86;1971.75
645.98;1968.10
646.10;1966.85
646.22;1964.15
646.34;1962.80
646.46;1957.85
646.58;1957.35
646.70;1946.35
646.82;1931.30
646.94;1922.00
647.06;1913.50
647.18;1903.15
647.30;1898.70
647.42;1895.85
647.54;1890.30
647.66;1886.75
647.78;1883.05
647.90;1876.15
648.02;1870.90
648.14;1867.25
648.26;1857.95
648.39;1853.35
648.51;1849.10
648.63;1841.60
648.75;1838.35
648.87;1830.20
648.99;1819.20
649.11;1810.45
649.23;1805.85
649.35;1797.80
649.47;1789.40
649.59;1785.60
649.71;1780.45
649.83;1776.00
649.95;1768.75
650.07;1764.75
650.19;1763.80
650.31;1755.30
650.43;1746.85
650.55;1733.70
650.67;1729.50
650.79;1716.80
650.91;1708.95
651.03;1697.35
651.15;1691.85
651.27;1684.00
651.39;1679.65
651.51;1672.60
651.63;1668.25
651.75;1662.20
651.87;1657.90
651.99;1645.45
652.11;1639.00
652.22;1633.00
652.34;1629.70
652.46;1619.35
652.58;1617.75
652.70;1608.55
652.82;1597.00
652.94;1587.55
653.06;1580.05
653.18;1568.60
653.30;1559.45
653.42;1560.10
653.54;1557.60
653.66;1551.85
653.78;1549.35
653.90;1546.15
654.02;1535.85
654.14;1526.95
654.26;1524.20
654.38;1514.80
654.50;1511.50
654.62;1505.40
654.74;1497.95
654.86;1488.20
654.98;1488.00
655.10;1479.20
655.22;1469.45
655.34;1465.20
655.46;1466.10
655.58;1457.45
655.70;1449.75
655.82;1447.65
655.94;1438.70
656.06;1430.90
656.18;1426.25
656.30;1429.80
656.42;1425.80
656.54;1424.15
656.66;1419.00
656.78;1408.75
656.90;1395.85
657.02;1390.25
657.14;1387.80
657.26;1381.30
657.38;1376.65
657.50;1372.80
657.62;1367.45
657.74;1352.75
657.86;1342.00
657.98;1335.40
658.10;1328.45
658.21;1317.10
658.33;1311.30
658.45;1306.85
658.57;1301.50
658.69;1289.95
658.81;1290.10
658.93;1290.90
659.05;1296.55
659.17;1295.35
659.29;1292.40
659.41;1281.90
659.53;1268.30
659.65;1251.90
659.77;1242.30
659.89;1242.70
660.01;1237.45
660.13;1236.60
660.25;1233.95
660.37;1233.10
660.49;1227.95
660.61;1228.65
660.73;1227.40
660.85;1219.60
660.97;1214.55
661.09;1203.75
661.20;1196.85
661.32;1189.40
661.44;1179.00
661.56;1172.65
661.68;1176.15
661.80;1170.25
661.92;1163.60
662.04;1163.75
662.16;1159.45
662.28;1153.20
662.40;1147.25
662.52;1143.10
662.64;1149.20
662.76;1142.80
662.88;1136.35
663.00;1129.40
663.12;1128.65
663.24;1120.20
663.36;1121.10
663.48;1115.80
663.59;1116.60
663.71;1108.75
663.83;1095.60
663.95;1086.80
664.07;1080.40
664.19;1071.85
664.31;1067.05
664.43;1063.05
664.55;1055.00
664.67;1050.45
664.79;1039.75
664.91;1041.75
